global_step,eval_loss,eval_accuracy
5,1.515424370765686,0.39287551440329216
