global_step,eval_loss,eval_accuracy
5,3.754686117172241,0.13996119281045752
